RMSE,R2
0.6435607494795327,0.5653147122203002
0.7914020549494121,0.32302509572035
0.6233977529274507,0.6500247403878552
0.7777442037664802,0.45187740330063353
0.7244180818353203,0.39783717061279644
