RMSE,R2
0.6822291079357862,0.511509261721157
0.7345357912509273,0.41681795194147153
0.6177995642346535,0.6562821594417545
0.7209693223838635,0.5289817750097423
0.6791752447500117,0.4707034349904604
