RMSE,R2
0.6997427564479655,0.48610704162446605
0.7729086983575341,0.3542943120364054
0.6205697097801581,0.6531928626379964
0.7088704938742668,0.5446577603171224
0.7105497257679805,0.4206722497669544
