RMSE,R2
0.6757298177831127,0.5207721921844704
0.7520981231237989,0.388597469231979
0.6068178730898905,0.6683930629403823
0.6914828895149775,0.5667216224346664
0.6945490325004359,0.4464699522318093
