RMSE,R2
0.6961574139428423,0.49135972053751986
0.8313533564024593,0.25295023878642653
0.8014406682363813,0.421571567725773
0.8836521037299762,0.29243430036145057
0.7861817193677807,0.29077952987072087
