RMSE,R2
0.667859163792701,0.5318709173672465
0.7129967484209117,0.4505181891143327
0.601173416668904,0.6745334084142292
0.7126016887571489,0.5398516864818903
0.6598073157068808,0.5004607324040992
