RMSE,R2
0.637771567862785,0.5731000022847526
0.7389207853343768,0.409834268014062
0.6302233894787619,0.6423189649839806
0.7336231680393308,0.5123028516079626
0.6632174014250511,0.4952838460238036
