RMSE,R2
0.6949411842100396,0.4931354196315789
0.825238796062172,0.26389885057721607
0.6444167027280002,0.6260268209182207
0.6988195676669136,0.5574786236014851
0.7340188205151794,0.3817704340381429
